Top pages,Clicks,Impressions,CTR,Position
https://pandapatches.com/,1393,22071,6.31%,25.5
https://pandapatches.com/tactical-military-patch-placement-options/,127,29680,0.43%,6.45
https://pandapatches.com/custom-patches/embroidered/,97,12447,0.78%,26.66
https://pandapatches.com/custom-patches/,79,7570,1.04%,27.39
https://www.pandapatches.com/,56,588,9.52%,16.65
https://pandapatches.com/custom-velcro-patches/,30,6643,0.45%,24.66
https://pandapatches.com/custom-jacket-patches/,28,1946,1.44%,13.04
https://pandapatches.com/custom-patches/sequin/,22,2602,0.85%,12.84
https://pandapatches.com/custom-patches/chenille/,21,4008,0.52%,18.51
https://pandapatches.com/about-us/,20,2412,0.83%,4.02
https://pandapatches.com/how-much-do-custom-patches-cost-full-pricing-breakdown/,18,5757,0.31%,9.74
https://pandapatches.com/custom-super-bowl-patch/,18,1308,1.38%,11.75
https://pandapatches.com/hard-vs-soft-enamel-pins-the-real-differences/,16,9641,0.17%,4.86
https://pandapatches.com/custom-patches-in-las-vegas/,14,947,1.48%,7.63
https://pandapatches.com/custom-patches-atlanta/,13,506,2.57%,9.22
https://pandapatches.com/custom-patches-houston/,12,2195,0.55%,16.87
https://pandapatches.com/custom-patches-los-angeles,12,1187,1.01%,16.74
https://pandapatches.com/custom-anime-patches/,12,1031,1.16%,17.25
https://pandapatches.com/custom-patches-los-angeles/,11,1603,0.69%,13.28
https://pandapatches.com/15-great-quotes-about-sewing-quilting-crafts/,11,1470,0.75%,10.11
https://pandapatches.com/custom-patches,11,1131,0.97%,13.9
https://pandapatches.com/contact-us/,10,896,1.12%,5.88
https://pandapatches.com/how-to-attach-scout-patches-without-sewing/,9,1978,0.46%,13.06
https://pandapatches.com/custom-patches-houston,9,1001,0.9%,13.63
https://pandapatches.com/custom-patches/pvc/,8,2943,0.27%,41.03
https://pandapatches.com/can-civilians-own-challenge-coins/,8,1516,0.53%,6.45
https://pandapatches.com/custom-patches/custom-silicone-labels/,8,1298,0.62%,25.98
https://pandapatches.com/custom-denver-patches/,8,873,0.92%,14.32
https://pandapatches.com/how-much-do-custom-patches-cost-full-pricing-breakdown,7,2984,0.23%,5.47
https://pandapatches.com/custom-products/,7,1991,0.35%,2.84
https://www.pandapatches.com/custom-patches,7,477,1.47%,20.91
https://pandapatches.com/custom-miami-patches/,7,321,2.18%,9.5
https://pandapatches.com/custom-patches-in-florida/,6,3760,0.16%,10.89
https://www.pandapatches.com/how-to-get-patch-glue-off-clothes,6,1304,0.46%,5.46
https://pandapatches.com/custom-patches-in-chicago/,6,752,0.8%,9.81
https://pandapatches.com/custom-austin-patches/,6,739,0.81%,13.12
https://pandapatches.com/custom-patches-in-boston/,6,423,1.42%,10.97
https://pandapatches.com/custom-jacket-patches,6,363,1.65%,5.64
https://www.pandapatches.com/custom-patches-los-angeles,6,337,1.78%,14.8
https://pandapatches.com/custom-ohio-state-patches/,6,312,1.92%,19.43
https://pandapatches.com/best-fonts-colors-and-borders-for-custom-patches,6,273,2.2%,5.03
https://pandapatches.com/custom-austin-patches,6,244,2.46%,10.63
https://pandapatches.com/custom-patches-in-chicago,6,189,3.17%,8.33
https://pandapatches.com/the-complete-guide-to-iron-on-patches-care-application-longevity/,5,2670,0.19%,7.96
https://pandapatches.com/embroidery-vs-woven-patches-what-to-choose/,5,2637,0.19%,18.81
https://pandapatches.com/bulk-custom-patches,5,1827,0.27%,10.1
https://pandapatches.com/how-custom-pvc-patches-are-made/,5,1392,0.36%,14.35
https://pandapatches.com/different-types-of-hats-for-your-patches-a-detailed-guide/,5,1128,0.44%,11.25
https://pandapatches.com/custom-rock-band-patches/,5,717,0.7%,26.97
https://www.pandapatches.com/custom-patches/embroidered,5,642,0.78%,34.9
https://pandapatches.com/custom-patches-in-new-york,5,391,1.28%,12.05
https://pandapatches.com/custom-patches-in-san-francisco/,5,310,1.61%,9.5
https://www.pandapatches.com/custom-patches-in-new-york,5,269,1.86%,10.87
https://pandapatches.com/the-complete-history-of-custom-patches,5,215,2.33%,5.6
https://pandapatches.com/custom-patches-colorado/,5,199,2.51%,17.85
https://www.pandapatches.com/custom-anime-patches,5,170,2.94%,12.19
https://www.pandapatches.com/custom-logo-patches,5,114,4.39%,8.77
https://pandapatches.com/custom-hockey-patches/,4,1745,0.23%,34.05
https://pandapatches.com/custom-name-patches/,4,1506,0.27%,28.3
https://pandapatches.com/how-to-get-patch-glue-off-clothes/,4,1495,0.27%,10.26
https://pandapatches.com/best-fonts-colors-and-borders-for-custom-patches/,4,1273,0.31%,7.13
https://pandapatches.com/custom-patches-dallas/,4,1002,0.4%,11.31
https://pandapatches.com/a-deep-dive-into-every-type-of-patch-including-explaining-all-of-its-options/,4,864,0.46%,17.58
https://pandapatches.com/how-to-iron-on-patches/,4,856,0.47%,30.64
https://pandapatches.com/custom-patches/custom-3d-embroidered-transfers/,4,814,0.49%,26.46
https://pandapatches.com/custom-california-patches/,4,485,0.82%,18.26
https://pandapatches.com/can-civilians-own-challenge-coins,4,479,0.84%,4.41
https://pandapatches.com/about,4,429,0.93%,2.24
https://pandapatches.com/custom-logo-patches,4,319,1.25%,3.47
https://pandapatches.com/different-types-of-hats-for-your-patches-a-detailed-guide,4,284,1.41%,8.46
https://pandapatches.com/custom-anime-patches,4,231,1.73%,10.12
https://pandapatches.com/thread-chart/,4,60,6.67%,10.48
https://pandapatches.com/custom-baseball-patches/,3,1823,0.16%,37.39
https://pandapatches.com/travel-with-stylish-enamel-pins/,3,1509,0.2%,6.86
https://pandapatches.com/custom-patches/embroidered,3,1212,0.25%,11.26
https://pandapatches.com/valentines-day-patches/,3,1056,0.28%,11.29
https://pandapatches.com/custom-sublimated-patches-cost-effective-and-amazing-looking/,3,851,0.35%,15.39
https://pandapatches.com/iron-on-instructions/,3,840,0.36%,17.31
https://pandapatches.com/boy-scout-patch-placements-a-complete-guide,3,669,0.45%,27.9
https://pandapatches.com/how-to-get-patch-glue-off-clothes,3,557,0.54%,5.47
https://www.pandapatches.com/can-civilians-own-challenge-coins,3,549,0.55%,4.01
https://www.pandapatches.com/custom-patches-houston,3,462,0.65%,14.94
https://pandapatches.com/custom-patches-in-texas,3,421,0.71%,11.47
https://pandapatches.com/custom-patches-portland/,3,398,0.75%,11.53
https://www.pandapatches.com/custom-rock-band-patches,3,379,0.79%,12
https://pandapatches.com/custom-utah-patches/,3,364,0.82%,9.47
https://pandapatches.com/kentucky-patches/,3,343,0.87%,10.42
https://pandapatches.com/custom-patches-portland,3,280,1.07%,8.08
https://pandapatches.com/custom-patches/pvc,3,271,1.11%,12.57
https://pandapatches.com/custom-patches-dallas,3,245,1.22%,9.89
https://pandapatches.com/custom-denver-patches,3,213,1.41%,14.75
https://www.pandapatches.com/express-your-astros-pride-premium-houston-astros-patches-for-true-fans,3,209,1.44%,10.49
https://www.pandapatches.com/custom-patches-in-florida,3,199,1.51%,11.59
https://www.pandapatches.com/custom-patches-in-texas,3,190,1.58%,9.58
https://www.pandapatches.com/custom-austin-patches,3,157,1.91%,17.81
https://pandapatches.com/kentucky-patches,3,112,2.68%,9.13
https://pandapatches.com/custom-patches-in-boston,3,110,2.73%,8.41
https://www.pandapatches.com/custom-patches-portland,3,100,3%,8.7
https://www.pandapatches.com/custom-patches-dallas,3,61,4.92%,11.49
https://pandapatches.com/custom-patches/woven/,2,4382,0.05%,70.26
https://pandapatches.com/how-to-remove-sewn-on-patches/,2,1987,0.1%,11.59
https://pandapatches.com/boy-scout-patch-placements-a-complete-guide/,2,1840,0.11%,28.15
https://pandapatches.com/custom-patches/leather/,2,1815,0.11%,66.91
https://pandapatches.com/diy-how-to-remove-iron-on-patches/,2,1788,0.11%,20.68
https://pandapatches.com/custom-tactical-patches/,2,1639,0.12%,31.53
https://www.pandapatches.com/custom-fire-department-patches,2,1233,0.16%,31.25
https://pandapatches.com/custom-patches-in-florida,2,952,0.21%,12.31
https://pandapatches.com/custom-patches-in-new-york/,2,828,0.24%,16.53
https://pandapatches.com/travel-with-stylish-enamel-pins,2,718,0.28%,5.55
https://pandapatches.com/custom-patches-in-texas/,2,672,0.3%,19.27
https://pandapatches.com/custom-velcro-patches,2,661,0.3%,19.75
https://pandapatches.com/custom-seattle-patches/,2,374,0.53%,13.24
https://www.pandapatches.com/best-fonts-colors-and-borders-for-custom-patches,2,300,0.67%,4.55
https://pandapatches.com/alabama-patches/,2,296,0.68%,13.14
https://pandapatches.com/how-to-attach-scout-patches-without-sewing,2,260,0.77%,10.76
https://pandapatches.com/custom-products/keychains/,2,242,0.83%,19.28
https://pandapatches.com/express-your-astros-pride-premium-houston-astros-patches-for-true-fans/,2,227,0.88%,11.66
https://pandapatches.com/how-to-remove-sewn-on-patches,2,187,1.07%,9.33
https://pandapatches.com/custom-patches-in-san-francisco,2,178,1.12%,5.58
https://pandapatches.com/pvc-patches-how-it-s-made-and-what-to-consider-when-ordering,2,160,1.25%,12.71
https://pandapatches.com/custom-utah-patches,2,148,1.35%,9.76
https://pandapatches.com/contact,2,139,1.44%,9.46
https://pandapatches.com/how-to-iron-on-patches,2,139,1.44%,19.56
https://www.pandapatches.com/custom-utah-patches,2,108,1.85%,11.03
https://www.pandapatches.com/custom-patches/custom-3d-embroidered-transfers,2,90,2.22%,23.43
https://pandapatches.com/custom-products/lapel-pins,2,60,3.33%,19.05
https://pandapatches.com/needlepoint-vs-embroidery-exploring-the-art-of-stitching/,1,5508,0.02%,3.36
https://pandapatches.com/custom-fire-department-patches/,1,2827,0.04%,60.2
https://pandapatches.com/custom-soccer-patches/,1,1554,0.06%,47.82
https://www.pandapatches.com/how-much-do-custom-patches-cost-full-pricing-breakdown,1,1440,0.07%,5.06
https://pandapatches.com/know-your-patch-types-which-is-best-for-you/,1,1296,0.08%,9.81
https://pandapatches.com/what-are-challenge-coins-what-does-it-mean-to-receive-one/,1,993,0.1%,37.35
https://pandapatches.com/custom-patches/chenille,1,962,0.1%,25.05
https://pandapatches.com/patches-for-hats/,1,941,0.11%,47.87
https://www.pandapatches.com/custom-sports-patches,1,852,0.12%,15.9
https://www.pandapatches.com/custom-patches/woven,1,710,0.14%,44.61
https://pandapatches.com/motorcycle-patches,1,488,0.2%,10.84
https://www.pandapatches.com/how-to-remove-sewn-on-patches,1,415,0.24%,11.86
https://pandapatches.com/custom-patches/printed,1,415,0.24%,12.99
https://pandapatches.com/custom-sublimation-patch-with-embroidery-why-choose-that/,1,384,0.26%,12.01
https://pandapatches.com/custom-fire-department-patches,1,316,0.32%,26.74
https://www.pandapatches.com/diy-how-to-remove-iron-on-patches,1,299,0.33%,19.61
https://pandapatches.com/custom-california-patches,1,285,0.35%,14.95
https://www.pandapatches.com/custom-morale-patches,1,273,0.37%,23.37
https://pandapatches.com/comparing-patch-backings-which-one-is-right-for-you/,1,264,0.38%,18.63
https://pandapatches.com/offers,1,212,0.47%,3.63
https://pandapatches.com/custom-velcro-patches-styles-uses-and-how-to-order,1,203,0.49%,7.86
https://pandapatches.com/the-evolution-of-custom-patches-from-military-to-mainstream-fashion/,1,200,0.5%,17.47
https://www.pandapatches.com/custom-patches/pvc,1,199,0.5%,27.02
https://pandapatches.com/custom-patches/custom-silicone-labels,1,192,0.52%,32.06
https://www.pandapatches.com/top-5-design-tips-for-creating-eye-catching-patches,1,176,0.57%,7.94
https://pandapatches.com/varsity-jacket-patches-or-what-can-be-done,1,168,0.6%,10.68
https://pandapatches.com/custom-products/challenge-coin/,1,165,0.61%,25.67
https://www.pandapatches.com/custom-jacket-patches,1,150,0.67%,24.25
https://pandapatches.com/custom-patches/custom-3d-embroidered-transfers,1,132,0.76%,23.95
https://www.pandapatches.com/the-evolution-of-custom-patches-from-military-to-mainstream-fashion,1,117,0.85%,8.66
https://pandapatches.com/custom-products,1,107,0.93%,3.21
https://pandapatches.com/how-to-choose-the-perfect-patch-for-your-brand/,1,105,0.95%,17.1
https://pandapatches.com/custom-products/keychains,1,102,0.98%,11.92
https://pandapatches.com/custom-ohio-state-patches,1,101,0.99%,13.29
https://pandapatches.com/custom-miami-patches,1,100,1%,8.26
https://pandapatches.com/custom-sublimation-patch-with-embroidery-why-choose-that,1,93,1.08%,6.68
https://pandapatches.com/custom-patches-colorado,1,92,1.09%,9.93
https://pandapatches.com/how-to-choose-the-right-custom-patch-size-type-backing-guide,1,88,1.14%,4.76
https://pandapatches.com/custom-baseball-patches,1,84,1.19%,12.29
https://pandapatches.com/the-growing-popularity-of-patches-in-corporate-branding,1,77,1.3%,5.79
https://www.pandapatches.com/custom-patches-colorado,1,64,1.56%,8.2
https://www.pandapatches.com/valentines-day-patches,1,61,1.64%,5.74
https://www.pandapatches.com/kentucky-patches,1,45,2.22%,8.4
https://www.pandapatches.com/custom-patches-in-boston,1,37,2.7%,20.35
https://pandapatches.com/15-great-quotes-about-sewing-quilting-and-crafts,1,34,2.94%,11.56
https://www.pandapatches.com/contact,1,34,2.94%,35.62
https://www.pandapatches.com/custom-sublimated-patches-cost-effective-and-amazing-looking,1,32,3.12%,18.34
https://pandapatches.com/blogs,1,28,3.57%,24
https://www.pandapatches.com/custom-ohio-state-patches,1,24,4.17%,7.75
https://pandapatches.com/express-your-astros-pride-premium-houston-astros-patches-for-true-fans,1,14,7.14%,9.79
https://www.pandapatches.com/show-your-team-spirit-embrace-the-legacy-of-the-san-francisco-49ers,1,13,7.69%,23.85
https://www.pandapatches.com/privacy-policy,1,4,25%,4.25
https://pandapatches.com/custom-patches/printed/,0,5369,0%,21.55
https://pandapatches.com/custom-products/pvc-shoe-charms/,0,2380,0%,13.82
https://pandapatches.com/custom-morale-patches/,0,1514,0%,33
https://pandapatches.com/how-to-make-your-own-iron-on-patches/,0,1183,0%,41.59
https://pandapatches.com/motorcycle-patches/,0,1042,0%,32.33
https://pandapatches.com/custom-chenille-patches-varsity-jacket-patches-winter-trend/,0,880,0%,16.55
https://www.pandapatches.com/custom-velcro-patches,0,834,0%,22.67
https://pandapatches.com/custom-products/lapel-pins/,0,663,0%,31.15
https://pandapatches.com/top-types-of-hats-and-how-to-wear-them/,0,570,0%,59
https://pandapatches.com/blogs/,0,494,0%,5.2
https://pandapatches.com/diy-how-to-remove-iron-on-patches,0,462,0%,18.9
https://pandapatches.com/custom-patches-in-washington/,0,451,0%,9.2
https://pandapatches.com/custom-patches/sequin,0,433,0%,14.24
https://pandapatches.com/how-to-iron-a-patch-on-a-shirt/,0,386,0%,33.56
https://pandapatches.com/patch-backings-101-iron-on-vs-sew-on-vs-velcro,0,318,0%,5.73
https://pandapatches.com/show-your-team-spirit-embrace-the-legacy-of-the-san-francisco-49ers/,0,312,0%,11.5
https://pandapatches.com/the-role-of-patches-in-military-and-law-enforcement/,0,296,0%,24.53
https://pandapatches.com/custom-logo-patches/,0,269,0%,17.3
https://pandapatches.com/custom-sports-patches,0,263,0%,17.54
https://www.pandapatches.com/pvc-patches-how-it-s-made-and-what-to-consider-when-ordering,0,234,0%,13.66
https://pandapatches.com/a-deep-dive-into-every-type-of-patch-including-explaining-all-of-its-options,0,218,0%,8.15
https://www.pandapatches.com/how-to-attach-scout-patches-without-sewing,0,216,0%,7
https://pandapatches.com/custom-patches/leather,0,213,0%,12.52
https://pandapatches.com/hard-vs-soft-enamel-pins-the-real-differences,0,213,0%,21.71
https://pandapatches.com/custom-patches/woven,0,212,0%,12.24
https://www.pandapatches.com/custom-hockey-patches,0,209,0%,18.3
https://www.pandapatches.com/top-types-of-hats-and-how-to-wear-them,0,208,0%,39.42
https://www.pandapatches.com/custom-patches/chenille,0,200,0%,31.25
https://pandapatches.com/embroidery-vs-woven-patches-what-to-choose,0,188,0%,16.59
https://www.pandapatches.com/motorcycle-patches,0,188,0%,18.78
https://pandapatches.com/tactical-and-military-ocp-patch-placement-options,0,174,0%,5.99
https://pandapatches.com/custom-tactical-patches,0,173,0%,17.34
https://pandapatches.com/custom-printed-patches-when-to-choose-print-over-embroidery,0,172,0%,5.56
https://pandapatches.com/custom-hockey-patches,0,164,0%,12.41
https://www.pandapatches.com/custom-sublimation-patch-with-embroidery-why-choose-that,0,149,0%,5.26
https://www.pandapatches.com/embroidery-vs-woven-patches-what-to-choose,0,147,0%,23.05
https://www.pandapatches.com/custom-patches/printed,0,146,0%,25.14
https://pandapatches.com/custom-soccer-patches,0,137,0%,17.26
https://pandapatches.com/custom-law-enforcement-patches/,0,130,0%,37.9
https://pandapatches.com/the-role-of-patches-in-military-and-law-enforcement,0,128,0%,8.63
https://www.pandapatches.com/know-your-patch-types-which-is-best-for-you,0,128,0%,12.29
https://www.pandapatches.com/custom-california-patches,0,123,0%,18.67
https://www.pandapatches.com/varsity-jacket-patches-or-what-can-be-done,0,120,0%,26.44
https://pandapatches.com/custom-products/challenge-coin,0,118,0%,9.25
https://pandapatches.com/christmas-patches/,0,115,0%,15.43
https://www.pandapatches.com/patches-for-hats,0,115,0%,29.77
https://www.pandapatches.com/the-growing-popularity-of-patches-in-corporate-branding,0,108,0%,6.68
https://pandapatches.com/custom-products/pvc-shoe-charms,0,102,0%,13.54
https://pandapatches.com/what-are-challenge-coins-what-does-it-mean-to-receive-one,0,102,0%,28.28
https://www.pandapatches.com/custom-patches/sequin,0,101,0%,13.71
https://pandapatches.com/needlepoint-vs-embroidery-exploring-the-art-of-stitching,0,95,0%,31.14
https://pandapatches.com/the-complete-guide-to-iron-on-patches-care-application-and-longevity,0,92,0%,6.15
https://pandapatches.com/know-your-patch-types-which-is-best-for-you,0,88,0%,8.85
https://pandapatches.com/comparing-patch-backings-which-one-is-right-for-you,0,86,0%,5.9
https://pandapatches.com/patches-for-hats,0,77,0%,17.58
https://www.pandapatches.com/a-deep-dive-into-every-type-of-patch-including-explaining-all-of-its-options,0,75,0%,13.12
https://pandapatches.com/how-to-iron-a-patch-on-a-shirt,0,66,0%,14.97
https://pandapatches.com/top-5-design-tips-for-creating-eye-catching-patches/,0,64,0%,9.88
https://pandapatches.com/top-types-of-hats-and-how-to-wear-them,0,56,0%,22.84
https://www.pandapatches.com/custom-soccer-patches,0,54,0%,26.94
https://pandapatches.com/custom-name-patches,0,53,0%,12.15
https://pandapatches.com/wp-content/uploads/2025/04/ChatGPT-Image-Apr-12-2025-12_55_38-AM.jpg,0,50,0%,20.08
https://www.pandapatches.com/custom-name-patches,0,50,0%,21.66
https://pandapatches.com/custom-patches/custom-chenille-glitter-patches,0,47,0%,7.98
https://pandapatches.com/how-to-make-your-own-iron-on-patches,0,47,0%,15.98
https://www.pandapatches.com/custom-patches/leather,0,46,0%,16.76
https://pandapatches.com/custom-sublimated-patches-cost-effective-and-amazing-looking,0,44,0%,9.14
https://www.pandapatches.com/hard-vs-soft-enamel-pins-the-real-differences,0,44,0%,42.07
https://www.pandapatches.com/how-to-make-your-own-iron-on-patches,0,41,0%,12.9
https://www.pandapatches.com/the-role-of-patches-in-military-and-law-enforcement,0,40,0%,5.67
https://www.pandapatches.com/comparing-patch-backings-which-one-is-right-for-you,0,40,0%,8.55
https://www.pandapatches.com/how-to-iron-a-patch-on-a-shirt,0,37,0%,18.35
https://www.pandapatches.com/how-to-choose-the-perfect-patch-for-your-brand,0,36,0%,11.06
https://www.pandapatches.com/custom-products/keychains,0,32,0%,12.25
https://pandapatches.com/custom-super-bowl-patch,0,29,0%,11.38
https://www.pandapatches.com/how-to-iron-on-patches,0,29,0%,21.86
https://www.pandapatches.com/custom-denver-patches,0,26,0%,16
https://pandapatches.com/show-your-team-spirit-embrace-the-legacy-of-the-san-francisco-49ers,0,26,0%,16.27
https://pandapatches.com/wp-content/uploads/2024/11/DALL·E-2024-11-09-14.25.35-An-instructional-image-on-how-to-iron-on-patches-with-clear-steps-and-tools-displayed.-Show-small-illustrations-of-tools-like-an-iron-a-cloth-and-t-1.webp,0,25,0%,20.28
https://pandapatches.com/the-evolution-of-custom-patches-from-military-to-mainstream-fashion,0,24,0%,10.04
https://www.pandapatches.com/custom-patches/custom-silicone-labels,0,23,0%,34.61
https://www.pandapatches.com/custom-products/pvc-shoe-charms,0,22,0%,20
https://pandapatches.com/assets/thread-color-chart,0,22,0%,20.64
https://www.pandapatches.com/custom-patches-in-chicago,0,21,0%,6.67
https://pandapatches.com/custom-patches/no-background-pvc/,0,19,0%,9.53
https://www.pandapatches.com/needlepoint-vs-embroidery-exploring-the-art-of-stitching,0,19,0%,49.21
https://pandapatches.com/custom-morale-patches,0,18,0%,21.5
https://pandapatches.com/custom-police-patches,0,18,0%,30.22
https://pandapatches.com/the-role-of-custom-patches-in-a-winter-clothing-brand,0,17,0%,5.59
https://pandapatches.com/woven-vs-embroidered-patches-which-is-right-for-you,0,17,0%,6.94
https://www.pandapatches.com/custom-patches-atlanta,0,17,0%,12.47
https://pandapatches.com/wp-content/uploads/2024/10/dl.beatsnoop.com-final-VZhsr1TNGI.webp,0,17,0%,19.76
https://www.pandapatches.com/custom-baseball-patches,0,15,0%,11.27
https://pandapatches.com/wp-content/uploads/2024/02/01-21.jpg,0,14,0%,25
https://www.pandapatches.com/custom-super-bowl-patch,0,13,0%,10.46
https://pandapatches.com/custom-patches-in-washington,0,12,0%,5.33
https://www.pandapatches.com/terms-of-service,0,12,0%,14.75
https://pandapatches.com/custom-patches/custom-chenille-tpu-patches,0,10,0%,5.8
https://pandapatches.com/the-growing-popularity-of-patches-in-corporate-branding/,0,10,0%,9.1
https://pandapatches.com/terms-of-service,0,10,0%,10.2
https://www.pandapatches.com/custom-products/lapel-pins,0,10,0%,30.3
https://www.pandapatches.com/custom-miami-patches,0,9,0%,5.67
https://pandapatches.com/privacy-policy/,0,9,0%,7.89
https://www.pandapatches.com/different-types-of-hats-for-your-patches-a-detailed-guide,0,8,0%,22.38
https://pandapatches.com/get-your-clothing-line-started-with-custom-patches,0,7,0%,5.57
https://www.pandapatches.com/blogs,0,7,0%,11.86
https://pandapatches.com/valentines-day-patches,0,6,0%,3.5
https://pandapatches.com/wp-content/uploads/2024/02/01-17.jpg,0,6,0%,10.33
https://pandapatches.com/custom-rock-band-patches,0,5,0%,5.6
https://pandapatches.com/privacy-policy,0,5,0%,7.2
https://www.pandapatches.com/assets/thread-chart,0,5,0%,10
https://pandapatches.com/wp-content/uploads/2025/11/Font-color-and-size-for-patches.jpg,0,5,0%,18.4
https://pandapatches.com/wp-content/uploads/2024/02/01-19.jpg,0,5,0%,22.2
https://pandapatches.com/wp-content/uploads/2024/02/02-11.jpg,0,5,0%,25.4
https://pandapatches.com/wp-content/uploads/2025/02/3714478e-8afb-4b43-948f-30f4bcf12c11.png,0,5,0%,26.2
https://www.pandapatches.com/offers,0,4,0%,3
https://pandapatches.com/wp-content/uploads/2025/01/DALL·E-2025-01-19-17.50.01-An-instructional-image-showing-the-process-of-making-iron-on-patches.-The-image-includes-a-vibrant-workspace-with-sewing-supplies-like-thread-embroid-1.webp,0,4,0%,15.5
https://pandapatches.com/custom-corporate-patches,0,3,0%,4
https://pandapatches.com/assets/iron-on-instructions,0,3,0%,5
https://pandapatches.com/top-5-design-tips-for-creating-eye-catching-patches,0,3,0%,7.33
https://www.pandapatches.com/the-role-of-custom-patches-in-a-winter-clothing-brand,0,3,0%,7.67
https://pandapatches.com/alabama-patches,0,3,0%,9.67
https://pandapatches.com/the-role-of-custom-patches-in-a-winter-clothing-brand/,0,3,0%,9.67
https://pandapatches.com/wp-content/uploads/2024/02/03-10.jpg,0,3,0%,16.67
https://www.pandapatches.com/_next/image?url=https://cdn.sanity.io/images/hjpcv7rv/production/c0c048032902b672fa3b13cd38484fc55341acae-2952x2952.png?w%3D1000%26q%3D75%26fit%3Dmax%26auto%3Dformat&w=3840&q=75,0,3,0%,21.67
https://pandapatches.com/wp-content/uploads/2025/07/Custom-Hat-Patches-scaled.jpg,0,3,0%,29.33
https://pandapatches.com/_next/image?url=https://cdn.sanity.io/images/hjpcv7rv/production/c0c048032902b672fa3b13cd38484fc55341acae-2952x2952.png?w%3D1000%26q%3D75%26fit%3Dmax%26auto%3Dformat&w=3840&q=75,0,3,0%,30
https://pandapatches.com/_next/image?url=https://cdn.sanity.io/images/hjpcv7rv/production/6a2af9859c1216eb910b526d30f836dd2a1ae204-2580x2596.png?w%3D1000%26q%3D75%26fit%3Dmax%26auto%3Dformat&w=3840&q=75,0,2,0%,15.5
https://pandapatches.com/wp-content/uploads/2025/01/DALL·E-2025-01-19-17.50.01-An-instructional-image-showing-the-process-of-making-iron-on-patches.-The-image-includes-a-vibrant-workspace-with-sewing-supplies-like-thread-embroid-1-300x300.webp,0,2,0%,17.5
https://pandapatches.com/wp-content/uploads/2024/02/Custom-Woven-Patches-300x300-1.jpg,0,2,0%,26.5
https://pandapatches.com/wp-content/uploads/2024/08/WhatsApp-Image-2024-08-12-at-9.18.23-PM-1024x785.jpeg,0,2,0%,29.5
https://www.pandapatches.com/_next/image?url=https://cdn.sanity.io/images/hjpcv7rv/production/6a2af9859c1216eb910b526d30f836dd2a1ae204-2580x2596.png?w%3D1000%26q%3D75%26fit%3Dmax%26auto%3Dformat&w=3840&q=75,0,2,0%,31
https://pandapatches.com/wp-content/uploads/2024/08/WhatsApp-Image-2024-08-12-at-9.16.55-PM-1-1024x1024.jpeg,0,1,0%,1
https://pandapatches.com/wp-content/uploads/2024/11/DALL·E-2024-11-09-14.22.34-An-instructional-image-on-how-to-remove-sewn-on-patches-with-a-focus-on-tools-and-steps-needed-for-careful-removal.-Display-small-illustrations-of-to-1.webp,0,1,0%,1
https://pandapatches.com/_next/image?url=https://cdn.sanity.io/images/hjpcv7rv/production/46a78e3dc20d7b0aff919b9c098800985625cf93-6354x6354.png?w%3D800%26fm%3Dwebp%26q%3D75&w=3840&q=75,0,1,0%,4
https://pandapatches.com/_next/image?url=https://cdn.sanity.io/images/hjpcv7rv/production/8ebe4f7e6c22d3d77f84afc709393e42982761a8-4500x4475.jpg?w%3D1000%26q%3D75%26fit%3Dmax%26auto%3Dformat&w=3840&q=75,0,1,0%,5
https://pandapatches.com/_next/image?url=https://cdn.sanity.io/images/hjpcv7rv/production/fc23cfa3454922bd69780fbdc33446943d5d622b-1272x1298.png?w%3D1000%26q%3D75%26fit%3Dmax%26auto%3Dformat&w=3840&q=75,0,1,0%,5
https://pandapatches.com/_next/image?url=https://cdn.sanity.io/images/hjpcv7rv/production/7b79c7a949136a0ae5f84dd378358768d315b950-1536x1024.webp?w%3D800%26fm%3Dwebp%26q%3D75&w=3840&q=75,0,1,0%,6
https://pandapatches.com/_next/image?url=https://cdn.sanity.io/images/hjpcv7rv/production/e4c8c0cd019ed8719869174b615ef16486bcada2-4500x4475.jpg?w%3D1000%26q%3D75%26fit%3Dmax%26auto%3Dformat&w=3840&q=75,0,1,0%,6
https://pandapatches.com/wp-content/uploads/2024/02/02-4.jpg,0,1,0%,7
https://pandapatches.com/how-to-choose-the-perfect-patch-for-your-brand,0,1,0%,9
https://pandapatches.com/wp-content/uploads/2024/02/02-5.jpg,0,1,0%,10
https://pandapatches.com/wp-content/uploads/2024/02/pn-02.png,0,1,0%,10
https://www.pandapatches.com/_next/image?url=https://cdn.sanity.io/images/hjpcv7rv/production/7f2792dd491a92e9e23d7d6737ab505f9122e0a0-4500x4475.jpg?w%3D1000%26q%3D75%26fit%3Dmax%26auto%3Dformat&w=3840&q=75,0,1,0%,10
https://pandapatches.com/wp-content/uploads/2024/02/testimonal4-8.jpg,0,1,0%,11
https://pandapatches.com/wp-content/uploads/2024/02/pn01.png,0,1,0%,12
https://pandapatches.com/_next/image?url=https://cdn.sanity.io/images/hjpcv7rv/production/17a54084f858d4f439de85d42bda88fa6a873fc1-2024x2024.png?w%3D1000%26q%3D75%26fit%3Dmax%26auto%3Dformat&w=3840&q=75,0,1,0%,13
https://pandapatches.com/christmas-patches,0,1,0%,13
https://pandapatches.com/_next/image?url=https://cdn.sanity.io/images/hjpcv7rv/production/d2e73320cd493e9ee20b7d56bf8004641cd7a174-778x770.png?w%3D1000%26q%3D75%26fit%3Dmax%26auto%3Dformat&w=3840&q=75,0,1,0%,15
https://pandapatches.com/wp-content/uploads/2024/02/01-20.jpg,0,1,0%,15
https://pandapatches.com/wp-content/uploads/2024/02/02.jpg,0,1,0%,16
https://pandapatches.com/_next/image?url=https://cdn.sanity.io/images/hjpcv7rv/production/2cb24f3df84c900586131efb24dbd2e8496c2377-2952x2952.png?w%3D1000%26q%3D75%26fit%3Dmax%26auto%3Dformat&w=3840&q=75,0,1,0%,17
https://pandapatches.com/wp-content/uploads/2024/08/admin-ajax-1.webp,0,1,0%,17
https://www.pandapatches.com/_next/image?url=https://cdn.sanity.io/images/hjpcv7rv/production/c095104ebb1fd1cd69b1e2c4b2e9b83f2ea47f2f-2952x2952.png?w%3D1000%26q%3D75%26fit%3Dmax%26auto%3Dformat&w=3840&q=75,0,1,0%,17
https://pandapatches.com/_next/image?url=https://cdn.sanity.io/images/hjpcv7rv/production/bcdbb9b2a11ad14e820f82bf1af80ff8189832db-1662x2064.png?w%3D1000%26q%3D75%26fit%3Dmax%26auto%3Dformat&w=3840&q=75,0,1,0%,19
https://pandapatches.com/_next/image?url=https://cdn.sanity.io/images/hjpcv7rv/production/4ac4c2816d2790b8c7a7c5a2f62220bdca369daa-1970x1970.png?w%3D1000%26q%3D75%26fit%3Dmax%26auto%3Dformat&w=3840&q=75,0,1,0%,20
https://www.pandapatches.com/_next/image?url=https://cdn.sanity.io/images/hjpcv7rv/production/af7fa752604dd95429a5fcea31718514b64f4525-2952x2952.png?w%3D1000%26q%3D75%26fit%3Dmax%26auto%3Dformat&w=3840&q=75,0,1,0%,23
https://pandapatches.com/wp-content/uploads/2025/05/IMG_7762-1-1024x442-1.webp,0,1,0%,25
https://www.pandapatches.com/_next/image?url=https://cdn.sanity.io/images/hjpcv7rv/production/e2c6ae7c791a6cc03d855f210c2afebeeb653764-4500x4475.jpg?w%3D1000%26q%3D75%26fit%3Dmax%26auto%3Dformat&w=3840&q=75,0,1,0%,25
https://pandapatches.com/wp-content/uploads/2024/02/pn-03.png,0,1,0%,26
https://pandapatches.com/wp-content/uploads/2024/10/be311874-180e-40fb-8643-190966536e0e-1.webp,0,1,0%,27
https://pandapatches.com/_next/image?url=https://cdn.sanity.io/images/hjpcv7rv/production/328ed149ca3dfd1e7bd4d096635d9ee0cd134221-4500x4475.jpg?w%3D1000%26q%3D75%26fit%3Dmax%26auto%3Dformat&w=3840&q=75,0,1,0%,28
https://pandapatches.com/_next/image?url=https://cdn.sanity.io/images/hjpcv7rv/production/ea7bf6463d7474633f0ea28aa46cf2e42ad497a8-2024x2024.png?w%3D1000%26q%3D75%26fit%3Dmax%26auto%3Dformat&w=3840&q=75,0,1,0%,28
https://pandapatches.com/wp-content/uploads/2024/02/03.jpg,0,1,0%,28
https://pandapatches.com/wp-content/uploads/2025/02/08ced887-9876-4e27-ac68-a11522ec1dd4.webp,0,1,0%,29
https://pandapatches.com/wp-content/uploads/2024/02/03-5.jpg,0,1,0%,30
https://www.pandapatches.com/_next/image?url=https://cdn.sanity.io/images/hjpcv7rv/production/aafba88d54a99e6aec13d7285f01f8430fdf2e61-4500x4475.jpg?w%3D1000%26q%3D75%26fit%3Dmax%26auto%3Dformat&w=3840&q=75,0,1,0%,30
https://pandapatches.com/wp-content/uploads/2024/10/dl.beatsnoop.com-final-VZhsr1TNGI-300x191.webp,0,1,0%,36
https://pandapatches.com/wp-content/uploads/2025/01/DALL·E-2025-01-18-07.55.42-An-instructional-image-illustrating-the-process-of-removing-patch-glue-from-clothes.-The-scene-features-a-hand-holding-a-warm-iron-over-a-fabric-with-1-1.webp,0,1,0%,37
https://pandapatches.com/wp-content/uploads/2024/02/pn04.png,0,1,0%,55
https://pandapatches.com/_next/image?url=https://cdn.sanity.io/images/hjpcv7rv/production/c095104ebb1fd1cd69b1e2c4b2e9b83f2ea47f2f-2952x2952.png?w%3D1000%26q%3D75%26fit%3Dmax%26auto%3Dformat&w=3840&q=75,0,1,0%,57