Top queries,Clicks,Impressions,CTR,Position
panda patches,986,1810,54.48%,1.29
pandapatches,119,194,61.34%,1.55
panda patches official,77,119,64.71%,1
panda patch,54,327,16.51%,3.38
panda patches reviews,43,156,27.56%,3.47
custom velcro patches,18,3232,0.56%,17.07
panda embroidery patches,13,160,8.12%,4.54
army ocp patch placement,8,612,1.31%,4.16
patch panda,7,51,13.73%,8.8
army uniform patch placement,6,291,2.06%,4.35
iron on patches panda,6,72,8.33%,9.64
ironing sticker panda,6,52,11.54%,12.1
army patch placement,5,404,1.24%,6.56
custom patches near me,5,266,1.88%,8.61
army ocp uniform patch placement,5,165,3.03%,3.93
anime patches,5,136,3.68%,19.69
panda patches reviews complaints,5,13,38.46%,1.54
chenille patches wholesale,4,563,0.71%,14.18
cloth patches panda clothes,4,26,15.38%,7.38
custom patches no minimum,3,706,0.42%,22.82
custom embroidered patches no minimum,3,657,0.46%,16.5
us army ocp patch placement,3,251,1.2%,3.73
custom patches las vegas,3,140,2.14%,4.27
embroidered patches no minimum,3,90,3.33%,19.68
super bowl patch,3,82,3.66%,16.07
wholesale sequin patches,3,80,3.75%,9.62
ocp uniform patches placement,3,57,5.26%,3.75
army patch placement chart,3,43,6.98%,8.3
wholesale chenille iron on patches,3,28,10.71%,10
custom patches los angeles,2,537,0.37%,16.82
custom patches,2,443,0.45%,43.73
velcro patches custom,2,429,0.47%,30.82
custom iron on patch,2,396,0.51%,19.71
army patches placement,2,328,0.61%,5.38
soft enamel pin vs hard enamel pin,2,273,0.73%,5.63
custom chenille patches no minimum,2,264,0.76%,10.35
where do patches go on ocp army,2,256,0.78%,3.82
soft enamel pins vs hard enamel pins,2,230,0.87%,8.83
custom patches houston,2,212,0.94%,12.29
sequin patches wholesale,2,161,1.24%,9.25
pvc patches,2,160,1.25%,53.89
us army uniform patch placement,2,126,1.59%,4.97
no minimum embroidered patches,2,105,1.9%,20.38
iron on patches custom,2,102,1.96%,25
what is a soft enamel pin,2,89,2.25%,3.37
embroidery patches no minimum,2,82,2.44%,18.98
custom sequin patches wholesale,2,44,4.55%,6.05
valentine's day patches,2,22,9.09%,13
custom patches portland,2,19,10.53%,8.05
needlepoint vs embroidery,1,2921,0.03%,1.64
soft enamel,1,1103,0.09%,1.38
soft vs hard enamel pins,1,953,0.1%,1.88
soft enamel vs hard enamel,1,848,0.12%,1.56
hard vs soft enamel pins,1,630,0.16%,3.33
custom pvc patches,1,577,0.17%,51.52
chenille patches,1,523,0.19%,44.78
custom sequin patches,1,481,0.21%,13.3
ocp patch placement,1,444,0.23%,6.99
types of patches,1,380,0.26%,14.2
hard enamel,1,376,0.27%,1.55
soft enamel vs hard enamel pins,1,336,0.3%,1.73
army uniform patches placement,1,291,0.34%,5.41
what is a challenge coin,1,222,0.45%,41.41
hard enamel vs soft enamel pins,1,200,0.5%,4.33
iron on patches,1,182,0.55%,17.9
custom chenille patches wholesale,1,169,0.59%,12.25
custom patches iron on,1,164,0.61%,17.13
sequin patches,1,135,0.74%,33.79
custom pvc patches no minimum,1,115,0.87%,24.41
custom patches austin,1,111,0.9%,11.73
leather patches custom,1,111,0.9%,84.67
custom embroidery patches no minimum,1,110,0.91%,17.1
dallas cowboys iron on patches,1,106,0.94%,10.02
how are pvc patches made,1,105,0.95%,7.51
houston astros patches,1,102,0.98%,8.61
custom patches nyc,1,101,0.99%,14.09
custom pvc patch hats no minimum,1,100,1%,21.58
what are challenge coins,1,98,1.02%,51.42
custom logo patches no minimum,1,96,1.04%,16.04
army ocp patches placement,1,92,1.09%,4.53
custom military morale patches,1,92,1.09%,47.74
where do patches go on army uniform,1,85,1.18%,3.65
army ocp unit patch placement,1,83,1.2%,4.39
embroidered patches custom no minimum,1,79,1.27%,26.48
custom embroidered patch no minimum,1,77,1.3%,13.74
super bowl jersey patch,1,71,1.41%,12.55
how to iron on boy scout patches,1,68,1.47%,7.79
dallas cowboys patches,1,67,1.49%,11.57
no minimum custom patches,1,67,1.49%,19.82
army acu uniform patch placement,1,59,1.69%,10.02
custom embroidered patches no minimum near me,1,58,1.72%,35.59
military patches jacksonville,1,55,1.82%,25.95
embroidered patch no minimum order,1,54,1.85%,14.61
pvc patch,1,53,1.89%,18.85
custom patches in houston,1,52,1.92%,20.12
army ocp name tapes placement,1,50,2%,10.48
dallas cowboys iron on patch,1,49,2.04%,10.69
patches near me,1,46,2.17%,8.59
anime velcro patches,1,45,2.22%,11.53
army uniform patch locations,1,44,2.27%,5.8
civilian challenge coins,1,43,2.33%,9.98
challenge coins for civilians,1,42,2.38%,6.67
affordable custom patches,1,41,2.44%,52.66
army combat shirt patch placement,1,39,2.56%,7.05
quotes about sewing,1,39,2.56%,9.08
valentines patches,1,38,2.63%,11.34
custom patches miami,1,36,2.78%,13.06
anime back patch,1,35,2.86%,8.57
custom embroidered velcro patches,1,33,3.03%,33.7
personalized challenge coins,1,32,3.12%,63.41
air force patches placement,1,29,3.45%,7.48
army ocp badge placement,1,27,3.7%,6.26
local patch makers,1,26,3.85%,9.19
custom sublimation patches,1,24,4.17%,35.42
patch company near me,1,21,4.76%,12.76
rock band patches,1,20,5%,23.2
tips for iron on patches,1,19,5.26%,5.58
embroidery patches near me,1,19,5.26%,10.32
military uniform patch location,1,18,5.56%,7.11
custom velcro name patch,1,18,5.56%,18.61
army combat patch placement,1,17,5.88%,4.76
m65 field jacket patch placement,1,16,6.25%,2.12
custom pvc patches near me,1,15,6.67%,7
bdu patch placement,1,14,7.14%,11.43
business logo patches,1,14,7.14%,61.43
embroidery near me,1,13,7.69%,6.77
super bowl 55 patch,1,13,7.69%,10.23
yes,1,13,7.69%,10.23
custom bulk patches,1,13,7.69%,36.54
difference between hard enamel and soft enamel,1,12,8.33%,1
custom patches low minimum,1,12,8.33%,15.33
patch making near me,1,11,9.09%,6.18
prada iron on patch,1,11,9.09%,15.64
pandas patch,1,10,10%,6.9
customized velcro patch,1,10,10%,20.3
chenille iron on patches wholesale,1,9,11.11%,8.11
patch keychain,1,9,11.11%,44
lapel pins custom,1,9,11.11%,67.56
how to put on boy scout patches,1,8,12.5%,6.25
astros patches iron on,1,6,16.67%,7.33
anime embroidered patch,1,6,16.67%,17.5
patch stores near me,1,4,25%,12.5
patches on sale,1,4,25%,67
patches font,1,3,33.33%,8.67
iron on embroidery custom,1,3,33.33%,16.33
custom first responder patches,1,3,33.33%,48.67
more,1,2,50%,2.5
velcro badge custom,1,2,50%,24
tactical vest patch,1,2,50%,36
enamel pins custom,1,2,50%,110
make my own patch,1,1,100%,2
font type,1,1,100%,12
nature patches,1,1,100%,12
iron on patch store near me,1,1,100%,23
embroidery patch mockup free,1,1,100%,50
printed patches,0,2665,0%,17.45
custom hat price range cost materials embroidery patches,0,985,0%,7.73
embroidery vs needlepoint,0,877,0%,1.67
custom printed patches,0,847,0%,49.82
custom woven patches,0,671,0%,70.35
custom hockey patches,0,661,0%,26.58
woven patches for hats,0,655,0%,72.33
hard enamel vs soft enamel,0,649,0%,1.58
custom fire department patches,0,585,0%,45.23
custom baseball patches,0,558,0%,34.22
custom hockey jersey patches,0,549,0%,27
patches,0,545,0%,48.07
woven hat patches,0,520,0%,72.04
woven patches,0,508,0%,78.22
custom soccer patches,0,472,0%,50.18
custom fire patches,0,470,0%,50.7
custom football patches,0,467,0%,40.41
woven patches custom,0,463,0%,75.36
fire department patch designer,0,454,0%,56.89
custom tactical patches,0,448,0%,34.26
custom chenille patches,0,439,0%,40.67
fire department patches custom,0,435,0%,55.02
baseball velcro patches,0,429,0%,30.86
custom woven patch,0,389,0%,70.89
firefighter patch design,0,388,0%,70.78
custom velcro patch,0,381,0%,28.47
custom leather patches,0,377,0%,53.73
personalized velcro patches,0,374,0%,46.39
custom patches velcro,0,367,0%,25.2
wholesale chenille patches,0,354,0%,14.12
fire department patch design,0,328,0%,59.55
custom morale patches,0,323,0%,23.21
embroidered vs woven patches,0,318,0%,17.79
tactical vest patches,0,309,0%,30.48
custom leather patches for jackets,0,300,0%,70.41
us army patch placement,0,295,0%,6.13
what's the difference between hard and soft enamel pins,0,294,0%,9.36
difference between hard and soft enamel pins,0,288,0%,8.93
custom embroidered patches,0,286,0%,39.28
woven vs embroidered patch,0,282,0%,22.7
personalized pvc patches,0,274,0%,77.55
baseball patches,0,271,0%,50.84
personalized morale patches,0,269,0%,64.23
soft enamel pins,0,268,0%,27.56
"panda patches, apparel & clothing",0,267,0%,6.76
usa soccer patch,0,259,0%,72.01
printed patch,0,258,0%,2.35
woven patch,0,257,0%,82.97
hockey jersey patches,0,246,0%,47.43
embroidered patches,0,244,0%,42.71
how to attach scout badges without sewing,0,237,0%,6.59
panda patches for embroidery,0,234,0%,8.86
custom embroidered patches velcro,0,233,0%,45.98
personalized patches for jackets,0,227,0%,61.03
air force ocp patches placement,0,217,0%,5.98
pvc patches custom,0,217,0%,51.28
personalized woven patches,0,215,0%,79.04
custom velcro name patches,0,214,0%,26.43
custom velcro patches for backpacks,0,212,0%,23.5
air force ocp patch placement,0,211,0%,9.49
how to make pvc patches,0,210,0%,11.25
custom embroidered patches for music groups,0,210,0%,29.61
custom made iron on patches,0,208,0%,27.74
difference between soft and hard enamel pins,0,202,0%,3.09
what side does the flag go on ocp army,0,201,0%,5.46
custom sublimated patches,0,192,0%,40.76
hard enamel pins,0,188,0%,45.97
custom leather jacket patches,0,187,0%,80.04
what's the difference between soft and hard enamel pins,0,181,0%,2.36
custom patch no minimum,0,181,0%,17.29
custom iron on patches no minimum,0,181,0%,17.4
morale patch designer,0,180,0%,33.97
how to order custom woven patches,0,177,0%,75.08
custom moral patch,0,176,0%,24.16
how to remove iron on patches,0,175,0%,24.57
custom vest patches,0,175,0%,30.1
patch,0,173,0%,9.21
can you bring enamel pins on a plane,0,171,0%,6.96
custom leather patch,0,171,0%,65.06
custom embroidered patches jacksonville,0,170,0%,11.04
custom patches in los angeles,0,165,0%,33.44
patch printing,0,163,0%,13.86
custom velcro patches for tactical vest,0,162,0%,10.58
custom patches usa,0,162,0%,42.18
baseball patch,0,162,0%,70.36
personalized patches for leather jackets,0,162,0%,76.46
custom iron on patches,0,158,0%,16.78
custom pvc patch,0,158,0%,61.6
military patch placement guide,0,157,0%,7.17
how to remove patches,0,156,0%,24.87
soft vs hard enamel,0,151,0%,1.36
woven logo patch,0,151,0%,89.75
woven patch vs embroidered patch,0,150,0%,17.01
custom embroidery for sale houston texas,0,150,0%,44.41
difference between soft enamel and hard enamel pins,0,149,0%,2.76
soft enamel pins vs hard,0,146,0%,3.39
custom tactical patches velcro,0,145,0%,55.11
custom woven patches no minimum,0,144,0%,20.6
custom made sew on patches,0,144,0%,57.28
wholesale custom chenille patches,0,140,0%,12.84
custom pvc patches los angeles,0,140,0%,42.24
hockey patch,0,140,0%,62.45
no minimum custom embroidered patches,0,138,0%,22.01
patches for tactical vest,0,138,0%,39.38
fire department patches ideas,0,138,0%,52.54
custom leather patches los angeles,0,134,0%,43.49
print patch,0,133,0%,2.26
custom sequin patch,0,132,0%,9.25
order custom patches,0,132,0%,65.77
screen printed patches,0,129,0%,22.95
custom moral patches,0,128,0%,30.64
soccer patches,0,128,0%,45.84
custom embroidered patches for parades,0,128,0%,77.44
custom embroidery patches,0,127,0%,32.6
usaf ocp patch placement,0,126,0%,8.96
woven custom patches,0,126,0%,76.03
custom patches jacksonville fl,0,124,0%,6.31
patches maker near me,0,124,0%,20.15
pvc shoe charms,0,124,0%,29.27
what side does name tape go on ocp army,0,123,0%,8.95
custom patches no minimum order,0,123,0%,15.93
custom morale patch,0,123,0%,17.55
custom woven patches los angeles,0,123,0%,44.9
custom embroidered patch maker,0,123,0%,52.25
houston embroidery service,0,122,0%,33.53
fire department patches,0,122,0%,43.97
are enamel pins allowed on planes,0,121,0%,5.03
popular custom patches for university athletic programs,0,121,0%,6.41
cheap custom patches no minimum,0,121,0%,19.22
what is a custom woven patch,0,117,0%,76.24
sew on custom patches,0,115,0%,58.59
custom leather patches for hats,0,115,0%,78.21
patches los angeles,0,114,0%,15.46
custom printed patches no minimum,0,114,0%,16.04
difference between woven and embroidered patches,0,114,0%,39.46
hard enamel pin vs soft enamel pin,0,113,0%,3.53
sublimation vs embroidery,0,113,0%,12.58
custom embroidered patches los angeles,0,113,0%,43.47
custom sports team patches,0,113,0%,52.85
custom embroidered patches for organizations,0,113,0%,72.55
3d embroidered patches,0,112,0%,51.54
firefighter patches,0,112,0%,54.92
special finish patches cost compared to standard patches,0,111,0%,2.03
biker custom patches jacksonville fl,0,111,0%,5.82
custom patches texas,0,111,0%,11.28
custom embroidered patches low minimum,0,110,0%,18.82
sublimated patches,0,109,0%,10.72
hard vs soft enamel,0,108,0%,3
personalized name patches,0,108,0%,48.32
difference between needlepoint and embroidery,0,107,0%,5.38
woven patches jacksonville,0,104,0%,9.07
custom patch printing,0,104,0%,54.33
woven patches wholesale,0,103,0%,27.35
biker patches custom jacksonville,0,102,0%,5.82
custom biker patches jacksonville,0,102,0%,6.61
jacksonville custom biker patches,0,102,0%,8.44
custom patches california,0,102,0%,10.79
super bowl patches,0,102,0%,14.96
custom velcro patches no minimum,0,102,0%,18.28
how to remove iron on patch glue from fabric,0,101,0%,3.43
what is soft enamel,0,101,0%,11.45
are boy scout patches iron on,0,100,0%,19.59
custom patches jacksonville,0,99,0%,8.88
steps to choose custom woven patches maker no minimum,0,99,0%,41.9
personalized sew on patches,0,99,0%,48.04
custom embroidered patch supplier,0,99,0%,54.48
patch designs custom jacksonville fl,0,98,0%,6.55
patch designs custom jacksonville,0,98,0%,7.61
business branded patches jacksonville,0,98,0%,9.12
custom velcro patches for vest,0,98,0%,36.3
stock band patches,0,98,0%,49.95
jacksonville custom club patches,0,97,0%,8.82
woven patches vs embroidered patches,0,97,0%,13.04
fire service patches,0,97,0%,56.8
business patches jax,0,96,0%,12.41
how long do iron on patches last,0,96,0%,15.4
sublimation patches,0,95,0%,4.4
custom club patch jacksonville fl,0,95,0%,6.53
custom club patch jacksonville,0,95,0%,7.74
embroidered badges no minimum,0,95,0%,19.87
vest patches custom,0,95,0%,47.07
ocp patch placement army,0,94,0%,4.07
us army patches placement,0,94,0%,6.8
custom club patches jacksonville,0,94,0%,6.99
custom printed patches jacksonville,0,94,0%,10.37
custom embroidered badges no minimum,0,94,0%,13.12
no minimum order hockey pins,0,94,0%,17.47
custom patches brooklyn,0,94,0%,22.59
woven patches no minimum,0,94,0%,23.94
custom patch design jacksonville,0,93,0%,8.39
custom embroidered badges no minimum order,0,93,0%,19.91
where can i get patches made,0,93,0%,46.6
kinds of patches,0,92,0%,6.53
jacksonville custom club patch,0,92,0%,11.23
custom embroidery patches jacksonville,0,92,0%,11.7
business embroidery patches jacksonville,0,92,0%,12.59
custom iron on name patches,0,92,0%,17.78
iron on custom patches,0,92,0%,20.45
custom patches for university athletic programs,0,91,0%,6.41
custom patch designs jacksonville,0,91,0%,7.97
business patches jacksonville,0,91,0%,8.13
custom business patches jax,0,91,0%,10.68
custom jibbitz,0,91,0%,49.23
custom scouting patches jacksonville,0,90,0%,4.36
custom business patches jacksonville,0,90,0%,8.49
custom police patches jacksonville,0,90,0%,9.86
soft enamel pin,0,90,0%,37.31
custom team patches,0,90,0%,54.48
custom military patches jacksonville,0,89,0%,10.13
custom made velcro patches,0,89,0%,17.19
types of patching,0,89,0%,28.58
sublimated patch,0,88,0%,2.25
best wholesale fleece for applique and chenille patches,0,88,0%,10.49
super bowl coin in current military challenge coins,0,88,0%,41.83
club patches jacksonville,0,86,0%,8.37
business custom patches jacksonville,0,85,0%,8.66
biker patches jacksonville,0,85,0%,9.18
custom iron on patches jacksonville,0,85,0%,11.05
custom club patches jax,0,85,0%,16.62
is needlepoint the same as embroidery,0,84,0%,2.67
what side does your unit patch go on,0,84,0%,6.06
custom leather patches no minimum,0,84,0%,35.54
custom 3d embroidered patches,0,83,0%,34.72
custom embroidered patches for groups,0,83,0%,71.53
types of patch,0,82,0%,7.32
velcro patches jacksonville,0,82,0%,15.76
military challenge coins given to civilians,0,81,0%,9.57
custom name patches,0,81,0%,26.51
how to attach patches without sewing,0,81,0%,28.11
velcro patch with name,0,81,0%,47.98
custom patches chicago,0,80,0%,9.51
ocp patch placement air force,0,80,0%,10.38
custom patch pricing flat rate,0,80,0%,16.1
what side does unit patch go on army,0,79,0%,6.04
embroidered patches jacksonville,0,79,0%,16.16
heat transfer patches custom designs iron on appliques personalized clothing,0,79,0%,18.59
af ocp patch placement,0,78,0%,7.33
air force patch placement,0,78,0%,8.86
custom club patch jax,0,78,0%,15.87
patch company,0,78,0%,37.42
styles of hats,0,78,0%,65.97
what side does the us army patch go on,0,77,0%,3.61
custom motorcycle patches,0,77,0%,30.91
custom made patches,0,77,0%,48
sublimated vs embroidered,0,76,0%,2.91
ocp name tape placement,0,76,0%,9.41
custom iron on embroidery,0,76,0%,30.22
order custom embroidered patches,0,76,0%,41.97
custom hat patches,0,76,0%,57.71
embroidered badges maker no minimum,0,75,0%,23
custom sports patches,0,75,0%,67.69
personalised sew on patches,0,75,0%,70.12
how to get patch glue off fabric,0,74,0%,2.88
difference between hard enamel and soft enamel pins,0,74,0%,5.57
custom patch,0,74,0%,44.51
types of hats,0,74,0%,70.35
army name tape placement,0,73,0%,4.67
bespoke iron on patches no minimum,0,73,0%,16.04
how much do embroidered patches cost,0,73,0%,41.7
cool fire department patches,0,73,0%,62.05
patch fire department,0,72,0%,54.85
printed patches no minimum,0,71,0%,15.87
iron-on patches jacksonville,0,71,0%,20.82
name patches,0,71,0%,29.49
personalized patches iron on,0,71,0%,35.54
custom woven patches cost,0,71,0%,47.06
baseball iron on,0,71,0%,55.18
custom patches for anime hoodies,0,70,0%,14.47
bulk custom patches,0,70,0%,24.2
custom patches for leather jackets,0,70,0%,78.86
needle point vs embroidery,0,69,0%,1.33
custom patch stores in chicago with unique stories,0,69,0%,10.54
custom embroidery patches for hats no minimum,0,69,0%,19.03
how to find custom pvc patch hats no minimum,0,69,0%,23.78
custom embroidery patches brooklyn,0,69,0%,32.26
silicone custom patches,0,69,0%,46.28
unique accessory patches,0,69,0%,67.96
personalized patches for hats no minimum,0,68,0%,24.5
sports team patches,0,68,0%,28.91
what is hard enamel,0,68,0%,31.28
panda iron on patch,0,67,0%,8.81
custom patch embroidery near me,0,67,0%,17.31
how much do patches typically cost?,0,67,0%,22.3
how to find custom woven patches maker with no minimum,0,67,0%,23.07
custom patches for vest,0,67,0%,28.1
wholesale custom iron on patches,0,67,0%,52.69
custom embroidered patches houston,0,66,0%,14.94
custom made patches no minimum,0,66,0%,15.53
morale patches jacksonville,0,65,0%,20.17
cost of bespoke iron on patches,0,65,0%,28.68
wholesale custom patches,0,65,0%,35.92
custom embroidered patches for events,0,65,0%,55.71
how to remove sewn on patches,0,64,0%,6.44
hard enamel vs soft enamel pins durability daily wear,0,64,0%,11.47
club patch jacksonville,0,64,0%,12.25
quality custom embroidered badges maker with no minimum,0,64,0%,13.39
custom patches with velcro,0,64,0%,54.22
challenge coin,0,63,0%,9.84
custom embroidered patches no minimum order,0,63,0%,17.9
custom embroidered iron on patches no minimum,0,63,0%,19.89
chenille patches no minimum,0,63,0%,30.67
design your own patch online no minimum,0,63,0%,37.7
fire department patch,0,63,0%,45.75
personalized clothing patches,0,63,0%,51.43
custom pvc patch hats no minimum vs bulk,0,63,0%,54.63
patches hockey,0,63,0%,69.46
sewing quotes,0,62,0%,16.16
can you remove iron on patches,0,62,0%,17.48
different kinds of patches,0,62,0%,21.94
custom embroidered badges no minimum cheap,0,62,0%,22.02
embroidery patches,0,62,0%,23.1
how to make military pvc patches,0,62,0%,26.61
hat styles,0,62,0%,70.34
boy scout patch placement guide,0,61,0%,3.39
rockbandpatches.com,0,61,0%,3.39
ocp patches placement army,0,61,0%,4.92
bulk patches,0,61,0%,10.25
houston custom patches maker,0,61,0%,13.36
patch maker near me,0,60,0%,12.17
what's the difference between woven and embroidered patches,0,60,0%,18.92
velcro name patches,0,60,0%,34.38
sublimated patch vs embroidered patch,0,59,0%,4.9
us army uniform patches placement,0,59,0%,6.05
custom embroidered badges no minimum wholesale,0,59,0%,11.9
custom motorcycle vest patches,0,59,0%,18.95
custom embroidered patches near me,0,59,0%,19.24
bespoke iron on patches,0,59,0%,36.47
custom embroidered patch hats no minimum,0,59,0%,42.66
patch woven,0,59,0%,81.14
stock embroidered patches,0,59,0%,91.19
how to remove patch glue,0,58,0%,17.71
boy scout patch placement,0,58,0%,31.17
motorcycle club vest patches,0,58,0%,36.62
custom patches for hat vs regular patches for hats,0,58,0%,61.91
what is the difference between needlepoint and embroidery,0,57,0%,2.89
custom security guard patches jacksonville,0,57,0%,16.16
sew-on patches jacksonville,0,57,0%,17.04
how long do adhesive patches last?,0,57,0%,20
how long do stick-on patches last?,0,57,0%,33.49
does the military use pvc patches,0,57,0%,43.72
jacket patches custom,0,57,0%,48.18
difference between embroidery and needlepoint,0,56,0%,4.98
army ocp name tape placement,0,56,0%,6.27
ocp patches placement,0,56,0%,8.73
dallas cowboys patch,0,56,0%,12.25
custom name patches no minimum,0,56,0%,15
custom sew on patches no minimum,0,56,0%,18.12
custom pvc velcro patches no minimum,0,56,0%,19.04
biker club patches jacksonville,0,56,0%,19.46
bespoke iron on patches wholesale/bulk,0,56,0%,47.82
how much to charge for an embroidered patch?,0,56,0%,56.32
where does unit patch go on ocp army,0,55,0%,2.71
what side does the unit patch go on ocp,0,55,0%,3.62
ocp uniform patch placement,0,55,0%,6.78
custom morale patches no minimum,0,55,0%,17.24
custom pvc patches for hats,0,55,0%,64.44
what is soft enamel pin,0,54,0%,1.85
how much do custom patches cost,0,54,0%,6.41
patch pricing calculator for jackets,0,54,0%,12.59
custom iron on patch no minimum,0,54,0%,21.63
custom police patches no minimum order,0,54,0%,25.31
best custom pins houston tx,0,54,0%,31.13
custom embroidered patch,0,54,0%,38.7
hockey patches,0,54,0%,41.7
embroidered patches custom,0,54,0%,42.19
challenge coins custom,0,54,0%,50.19
custom patch hats no minimum,0,54,0%,63.33
custom woven iron on patches,0,54,0%,69.43
where does the us army patch go,0,53,0%,1.87
pvc charm,0,53,0%,3.08
army unit patch placement,0,53,0%,7.7
type of patch,0,53,0%,8.98
how to remove an iron on patch,0,53,0%,18.77
custom police patches no minimum order cheap,0,53,0%,36.68
soccer patches in sewing patches,0,53,0%,43.25
how to make custom motorcycle back patches,0,53,0%,72.94
which side does name tape go on ocp,0,52,0%,6.27
custom chenille patches atlanta,0,52,0%,7.02
where does the flag go on ocp army,0,52,0%,7.04
custom challenge coins,0,52,0%,60.15
military patch placement,0,51,0%,5.33
custom military patches no minimum order,0,51,0%,16.02
what's the difference between embroidered and woven patches,0,51,0%,19.04
are patches cheaper than embroidery?,0,51,0%,20.14
custom police patches no minimum order usa,0,51,0%,31.78
hard enamel vs soft enamel pin,0,50,0%,2.24
how to remove patch glue from clothes,0,50,0%,4.86
make custom patches online no minimum,0,50,0%,14.34
custom embroidered name patches no minimum,0,50,0%,15.4
custom hat patches no minimum,0,50,0%,18.14
custom pvc patches no minimum order,0,50,0%,24.02
how to get iron-on stickers of clothes,0,50,0%,54.16
custom jacket patches,0,50,0%,55.5
bulk embroidered patches,0,50,0%,66.18
where does the unit patch go on ocp army,0,49,0%,2.82
ocp patches placement air force,0,49,0%,4.35
army combat patch locations,0,49,0%,10.02
custom back patches no minimum,0,49,0%,16.9
custom large patches no minimum,0,49,0%,16.94
embroidered logo patches,0,49,0%,29.71
woven or embroidered patches,0,49,0%,32.41
military use of pvc patches,0,49,0%,42.71
custom patches for clothing,0,49,0%,45.31
custom keychains houston,0,49,0%,51.12
custom pvc patch hats no minimum bulk,0,49,0%,70.39
where do the patches go on army uniform,0,48,0%,4.27
what side does the flag go on ocp,0,48,0%,4.6
what side does flag go on ocp,0,48,0%,4.88
where to buy chenille patches wholesale?,0,48,0%,9.19
where to buy custom patches for hats no minimum,0,48,0%,18.08
custom iron patches,0,48,0%,22.92
customized patches,0,48,0%,55.1
how to order bespoke iron on patches,0,48,0%,62.46
how to make heat transfer embroidery patches,0,48,0%,64.75
custom leather hat patches,0,48,0%,66.65
patch print,0,47,0%,3.87
custom patches in portland,0,47,0%,6.02
ocp flag patch placement,0,47,0%,7.17
patches for jackets,0,47,0%,19.85
challenge coin meaning,0,47,0%,52.34
fire department patches for sale,0,47,0%,54.04
needle pointing vs embroidery,0,46,0%,1.26
which side does the us army patch go on,0,46,0%,3.89
air force ocp patch placement 2025,0,46,0%,4.17
different types of patches,0,46,0%,9.37
astros patches,0,46,0%,12.24
custom band patches,0,46,0%,17.91
fire department patch maker,0,46,0%,18.98
what is a pvc patch,0,46,0%,26.65
challenge token,0,46,0%,33
velcro patches,0,46,0%,34.2
custom embroidery patch,0,46,0%,39.41
printed patches bulk,0,46,0%,62.96
sew on placement attachment patches,0,46,0%,83.65
how much extra do special finish patches cost compared to standard patches?,0,45,0%,3.09
what side does your name tape go on ocp army,0,45,0%,4.62
army name tapes placement,0,45,0%,6.93
valentine patches,0,45,0%,11.91
custom silicone patches,0,45,0%,18.73
pvc patch maker,0,45,0%,23.4
how can i make my own patches at home?,0,45,0%,64.29
custom iron on patches near me,0,44,0%,14.2
morale patches custom,0,44,0%,24.86
fire dept patches,0,44,0%,46.07
how can i make my own patches at home,0,44,0%,56.57
soft vs hard enamel pin,0,43,0%,5.77
dallas cowboy patches,0,43,0%,11.95
custom patches pricing,0,43,0%,20.26
patch makers nyc,0,43,0%,27.4
custom letterman jacket patches vs regular,0,43,0%,63.49
custom patches in boston,0,42,0%,3.19
custom motorcycle patches no minimum,0,42,0%,23.86
custom embroidery patches for heat press,0,42,0%,42.6
getting patches made,0,42,0%,61.83
what side does the name tape go on ocp,0,41,0%,6.68
where does name tape go on ocp,0,41,0%,8.76
type of patches,0,41,0%,10.73
embroidered patch vs woven patch,0,41,0%,28.49
custom vest patches for bikers,0,41,0%,36.54
name badge patches,0,41,0%,58.49
custom embroidered pins,0,41,0%,83.34
where do army patches go,0,40,0%,6.85
where does the name tape go on ocp,0,40,0%,7.8
what's the difference between needlepoint and embroidery,0,40,0%,8.9
patch types,0,40,0%,13.95
custom motorcycle club patches,0,40,0%,18.73
custom name patch,0,40,0%,24.12
custom bespoke iron on patches,0,40,0%,27.43
where do name tapes go on ocps?,0,40,0%,37.83
christmas chenille patches,0,40,0%,39.52
custom cap patches,0,40,0%,65.83
custom lapel pins,0,40,0%,72.78
ocp army uniform patches placement,0,39,0%,4.15
pvc charms,0,39,0%,4.31
are decorative pins allowed on planes,0,39,0%,5.21
hard enamel pins vs soft enamel pins,0,39,0%,5.49
can you take enamel pins on a plane,0,39,0%,5.9
embroidery vs woven patch,0,39,0%,9.82
custom patches for jackets no minimum,0,39,0%,16.87
ohio state patch,0,39,0%,19.82
custom patches denver,0,39,0%,22.44
pvc patches no minimum,0,39,0%,24.31
company that makes patches,0,39,0%,25.46
custom velcro embroidered patches,0,39,0%,25.9
how to remove embroidery patch,0,39,0%,31.21
custom varsity jacket patches,0,39,0%,36.08
embroidery patches custom,0,39,0%,42.92
sports patches,0,39,0%,49.79
how to iron on a patch,0,39,0%,50.79
custom police challenge coins,0,39,0%,51.31
embroidery vs needle point,0,38,0%,1
u.s. army name tape placement,0,38,0%,5.11
do iron on patches stay on,0,38,0%,6.39
which side does the flag go on ocp,0,38,0%,6.53
army patch locations,0,38,0%,6.63
ocp flag placement,0,38,0%,7.84
what side does name tape go on in army ocp?,0,38,0%,12.11
anime embroidery patches,0,38,0%,15.61
how to remove patch from jacket,0,38,0%,40.24
rush order patches,0,38,0%,52.71
firefighter patch,0,38,0%,54.47
custom iron on embroidery patch,0,38,0%,61.79
adhesive-backed patches,0,38,0%,62.61
how to attach badges without sewing,0,37,0%,1.54
how to remove a sewn on patch,0,37,0%,2.57
how to remove patch glue from fabric,0,37,0%,3.92
how to attach boy scout patches,0,37,0%,4.46
is embroidery the same as needlepoint,0,37,0%,5.43
army ocp flag placement,0,37,0%,7.49
holographic custom patches cost per unit,0,37,0%,13.35
superbowl patches,0,37,0%,14.65
custom tactical vest patches,0,37,0%,20.41
custom logo velcro patches,0,37,0%,22.78
custom patches wholesale,0,37,0%,32.3
how to iron on patches,0,37,0%,51.49
patches hats,0,37,0%,53.49
best embroidered patches for clothes,0,37,0%,61.03
silicone pvc patches,0,37,0%,84.35
us army ocp uniform patch placement,0,36,0%,4.31
where does the us flag go on ocp,0,36,0%,4.61
ocp air force patch placement,0,36,0%,5.14
glitter patches woven or embroidered styles,0,36,0%,10.97
custom patches bulk,0,36,0%,13.97
iron on patch manufacturer,0,36,0%,16.92
custom patch maker no minimum,0,36,0%,19
custom military patches,0,36,0%,30.72
custom patches for hats,0,36,0%,31.61
custom name patches iron on,0,36,0%,31.83
how to iron on girl scout patches,0,36,0%,41.67
custom patches hats,0,36,0%,59.06
buy custom patches,0,36,0%,59.11
custom patch supplier,0,36,0%,66.31
girl scout iron on instructions,0,35,0%,1.49
can i get custom patches made for a university athletic program?,0,35,0%,4.66
what side does your unit patch go on army,0,35,0%,6.57
printing patch,0,35,0%,7.97
dallas cowboys patches iron on,0,35,0%,10.86
how to remove iron-on patch glue from fabric,0,35,0%,10.91
bespoke iron on patches near me,0,35,0%,21.91
high quality iron on patches,0,35,0%,23.09
custom heat transfer embroidery patches,0,35,0%,54.6
patch manufacturer usa,0,35,0%,63.97
custom embroidered patches for jackets,0,35,0%,67.23
different hat styles,0,35,0%,76.2
what is the difference between hard and soft enamel pins,0,34,0%,1
how to remove patch adhesive from clothing,0,34,0%,3.88
iron on valentine's patches,0,34,0%,11.47
bespoke iron on patches usa,0,34,0%,26.5
types of patches for clothes,0,34,0%,26.53
custom patches velcro back,0,34,0%,30.41
single custom embroidered patches,0,34,0%,31.53
bulk custom iron on patches,0,34,0%,40.41
how to remove embroidered patches,0,34,0%,49
patches suppliers,0,34,0%,54.15
can you heat press embroidery patches,0,34,0%,56.97
embroidered patches manufacturer,0,34,0%,57.38
"band patches in newark, oh",0,34,0%,68.85
quality embroidered patches,0,34,0%,71.06
needlepoint and embroidery difference,0,33,0%,1
what side does the american flag go on ocp,0,33,0%,1
what is needlepoint vs embroidery,0,33,0%,2.88
army patches location,0,33,0%,6.15
custom name patches velcro,0,33,0%,11.94
custom iron on patches at no minimum,0,33,0%,12.33
custom patches for hats no minimum,0,33,0%,18.97
anime patches for jackets,0,33,0%,21.03
peel n stick patches jacksonville,0,33,0%,21.73
custom rubber patches no minimum,0,33,0%,22.36
custom sew on patches,0,33,0%,22.73
custom patches for jackets,0,33,0%,32.67
patch manufacturer,0,33,0%,33.21
make your own iron on patches,0,33,0%,33.48
patch making company,0,33,0%,44.18
buy custom patches online,0,33,0%,52.94
3d patches,0,33,0%,57.76
custom challenge coin,0,33,0%,60.58
custom patches maker online in usa,0,33,0%,67.03
custom embroidery name patch,0,33,0%,77.82
needlepoint versus embroidery,0,32,0%,1
how to get patch residue off clothes,0,32,0%,3.09
is needlepoint and embroidery the same thing,0,32,0%,5.06
difference between hard and soft enamel,0,32,0%,6.22
us army bdu patch placement,0,32,0%,10.72
custom chenille patches near me,0,32,0%,13.31
custom achievement patches for band memebers,0,32,0%,16.91
custom vinyl patches no minimum,0,32,0%,17.81
do iron on patches come off,0,32,0%,33.12
remove iron on patch,0,32,0%,35.16
customized name patches,0,32,0%,55.5
personalized patches for hats,0,32,0%,60.91
type of hats,0,32,0%,62.22
custom patches san antonio,0,32,0%,65.34
different types of hats,0,32,0%,69.28
how much do patches cost,0,31,0%,6.39
custom embroidery patches near me,0,31,0%,17.65
patches printing,0,31,0%,18
velcro custom patches,0,31,0%,18.55
customizable velcro patches,0,31,0%,19.23
los angeles patches,0,31,0%,25.23
custom screen printed patches,0,31,0%,31.03
custom patches made in usa,0,31,0%,37.1
challenge coin definition,0,31,0%,37.32
what is the difference between sublimated and woven patches?,0,31,0%,38.16
sports patch,0,31,0%,46.74
custom made military patches,0,31,0%,71.19
full embroidered + full printed patches,0,31,0%,71.52
uniform patches supplier,0,31,0%,77.68
custom embroidered badge patches,0,31,0%,78.87
custom military challenge coins,0,31,0%,86.77
hand embroidery vs needlepoint,0,30,0%,1
sublimation patch,0,30,0%,3
needlepoint,0,30,0%,6.03
custom pvc shoe charms,0,30,0%,8.5
iron on patch,0,30,0%,13.67
tactical police patches jacksonville,0,30,0%,17.1
no minimum patches,0,30,0%,18.17
woven vs embroidered patches,0,30,0%,19.83
how to make iron on patches,0,30,0%,38
custom made embroidered patches,0,30,0%,42.63
cub scout patch placement,0,30,0%,45.8
custom chenille patch,0,30,0%,47.57
best place to buy the best quality patches,0,30,0%,51.1
patch removal,0,30,0%,60.83
custom woven patches with logo,0,30,0%,68.43
how to apply custom iron on stickers,0,30,0%,74.6
what does it mean to be given a challenge coin,0,30,0%,80.83
challenge coins,0,29,0%,8.03
dallas cowboys velcro patch,0,29,0%,9.62
how to make your own iron on patch,0,29,0%,10.31
where to get patches sewn on near me,0,29,0%,11.14
needlepoint vs embroidery latest,0,29,0%,16.41
custom patches dallas,0,29,0%,18.48
embroidered patch no minimum,0,29,0%,19.24
personalized velcro name patches,0,29,0%,26.79
custom patches with velcro backing,0,29,0%,27.79
how to make bespoke iron on patches,0,29,0%,34.79
cheap custom patches,0,29,0%,48.34
custom patches designer online,0,29,0%,63.21
how to iron embroidery patches,0,29,0%,68.55
how to make custom patches for hat,0,29,0%,79.86
army uniform unit patch placement,0,28,0%,3.32
army ocp flag patch placement,0,28,0%,4.07
custom patches no minimum usa,0,28,0%,8.43
how to make a pvc patch,0,28,0%,9.96
chenille patches los angeles,0,28,0%,10.86
custom iron on sequin patches,0,28,0%,11.82
personalized sports patches for jerseys,0,28,0%,18.75
custom velcro backed patches,0,28,0%,20.61
personalized velcro patch,0,28,0%,29.93
hockey patches for jackets,0,28,0%,36.36
tactical vest velcro patches,0,28,0%,38.96
customised patches,0,28,0%,54.86
custom leather patch no minimum,0,28,0%,55.79
embroidered patches on hats,0,28,0%,62.86
types of bespoke patches,0,28,0%,64.71
embroidered badge patch,0,28,0%,76.93
quotes about sewing and life,0,27,0%,1.04
us army name tape placement,0,27,0%,5.56
panda embroidery patch,0,27,0%,8.48
printed patch vs embroidered,0,27,0%,13
embroidered patches los angeles,0,27,0%,15.33
custom patch embroidery no minimum,0,27,0%,17.63
patches no minimum,0,27,0%,19.89
custom embroidered iron on patches,0,27,0%,21.37
custom patches houston tx,0,27,0%,22.37
super patch company logo emblem design,0,27,0%,24.44
embroidered patches vs woven,0,27,0%,25.63
custom iron on hat patches,0,27,0%,29.52
what is the difference between sublimated and embroidered patches?,0,27,0%,36.63
custom pins houston tx,0,27,0%,38.85
name patches embroidered,0,27,0%,50.44
custom woven patches with logo wholesale,0,27,0%,52.81
challenge coins meaning,0,27,0%,55.07
high quality patches,0,27,0%,55.3
bespoke iron on patches wholesale,0,27,0%,65.56
leather patch wholesale price per unit 2025,0,26,0%,2.77
what is the difference between embroidery and needlepoint,0,26,0%,2.88
what side does the flag go on ocp air force,0,26,0%,3.31
can i bring enamel pins on a plane,0,26,0%,3.38
ocp combat shirt patch placement,0,26,0%,4.69
are iron on patches removable,0,26,0%,5.5
army unit patch location,0,26,0%,5.73
"is there an shoe charms set made from soft pvc rubber, safe because it 
contains no bpa or harmful plastics, and built with uv-resistant colors to 
prevent fading, using recycled plastic and designed for people who use 
design and creative software?",0,26,0%,7.85
"where to buy wholesale patches for clothes in bulk from independent 
designers for custom retail projects?",0,26,0%,7.85
content director custom embroidered patches florida,0,26,0%,10.38
astros iron on patch,0,26,0%,12.46
custom achievement patches for band members,0,26,0%,16
custom anime velcro patches for backpacks,0,26,0%,17.46
clothing patches,0,26,0%,26.42
anime patches for clothes,0,26,0%,37.96
custom name embroidered patches,0,26,0%,41.73
does rush patch make custom decals,0,26,0%,60.77
what is the difference between soft and hard enamel pins,0,25,0%,1
how long does iron on patches last,0,25,0%,2.68
which side does flag go on ocp,0,25,0%,3.08
army combat uniform patch placement,0,25,0%,4.88
military uniform patch placement,0,25,0%,6.44
are needlepoint and embroidery the same thing,0,25,0%,6.88
how to remove sewn on patch,0,25,0%,8.16
custom patch maker near me,0,25,0%,8.6
us military uniform patch placement,0,25,0%,8.76
"are there creative icon-style shoe charms that are waterproof and washable, 
safe because they contains no bpa or harmful plastics, and use uv-resistant 
colors to prevent fading?",0,25,0%,9
custom patch near me,0,25,0%,15.04
custom.velcro patches,0,25,0%,15.6
superbowl patch,0,25,0%,16
custom iron patches no minimum,0,25,0%,16.16
how long to hold iron on patch,0,25,0%,16.44
custom patches new york,0,25,0%,22.44
custom iron on football badges,0,25,0%,24
embroidered sports patches,0,25,0%,32.92
silicone logo patch,0,25,0%,37.44
chenille patch manufacturer,0,25,0%,37.76
custom clothing patches,0,25,0%,49.6
fire patch design,0,25,0%,52.04
patches.,0,25,0%,52.08
3d embroidery patches,0,25,0%,52.64
patches for jackets custom,0,25,0%,53.72
hat types,0,25,0%,62.48
large custom embroidered patches,0,25,0%,67.44
leather patch design,0,25,0%,101.24
soft enamel pin vs hard,0,24,0%,1.42
can i get a sample holographic patch before placing a bulk order?,0,24,0%,2.96
fluffy patches,0,24,0%,4.67
iron-on patch instructions washing care,0,24,0%,10.33
dallas cowboy iron on patches,0,24,0%,11.04
patches made near me,0,24,0%,13.29
making pvc patches,0,24,0%,18.75
anime patch,0,24,0%,20.96
order custom iron on patches,0,24,0%,21.29
iron-on patches,0,24,0%,22.38
screen print patches,0,24,0%,26.25
hat patches custom,0,24,0%,26.46
custom iron on patches in usa,0,24,0%,26.83
embroidery patches heat transfer,0,24,0%,34.12
where to get patches made,0,24,0%,38.29
acu patch placement,0,24,0%,39.38
printed velcro,0,24,0%,39.58
print patches,0,24,0%,42
personalized patches,0,24,0%,43.54
custom made patches in usa,0,24,0%,59.04
custom embroidered patches for jackets wholesale,0,24,0%,60.62
custom patches seller,0,24,0%,63.83
types of hat,0,24,0%,65.96
embroidery versus needlepoint,0,23,0%,1
remove patch glue from fabric,0,23,0%,3.52
woven embroidery patch,0,23,0%,4.09
how to get patch adhesive off clothing,0,23,0%,4.39
49ers patches for clothes,0,23,0%,5.61
iron on chenille patches wholesale,0,23,0%,6.87
how to iron on scout patches,0,23,0%,8.52
which side does the unit patch go on,0,23,0%,8.87
usaf patch placement,0,23,0%,9.35
"""cannot directly detach a patch that is already sewn""",0,23,0%,10.78
embroidery patches los angeles,0,23,0%,10.78
anime patches velcro,0,23,0%,13.09
customizable iron on patches,0,23,0%,15.83
custom iron patch,0,23,0%,16.7
custom morale patch designer,0,23,0%,22.13
velcro patch custom,0,23,0%,26.43
what are the three types of patches?,0,23,0%,26.78
custom embroidered velcro patch,0,23,0%,28.74
velcro name patch,0,23,0%,28.78
difference sublimated patches and embroidered patches,0,23,0%,30.83
how are sublimated patches made?,0,23,0%,38.74
embroidered patches made in usa,0,23,0%,41.35
patches company,0,23,0%,42.13
patch manufacturers,0,23,0%,42.61
do iron on patches come off in the wash,0,23,0%,42.78
where to buy custom pins houston tx,0,23,0%,43.04
clothing patches store nyc,0,23,0%,44.26
custom woven logo patches wholesale,0,23,0%,44.83
custom embroidery in houston,0,23,0%,47
wholesale embroidered patches,0,23,0%,47.91
custom patches reviews,0,23,0%,48.96
military challenge coins custom,0,23,0%,53.3
funny velcro patches maker near me,0,23,0%,53.91
where to order patches,0,23,0%,58.91
custom law enforcement morale patches,0,23,0%,60.74
patches designer in usa,0,23,0%,61.22
personalized challenge coin,0,23,0%,64.39
wholesale custom embroidered patches,0,23,0%,66.17
needlepoint v embroidery,0,22,0%,1.09
digital printing patch,0,22,0%,1.18
what side does name tape go on ocp air force,0,22,0%,3.95
hat for patches,0,22,0%,6.05
usaf patches placement,0,22,0%,7.05
army acu patch placement,0,22,0%,7.36
super bowl patches for jerseys,0,22,0%,9.68
name brand iron on patches,0,22,0%,11.23
army ocp patches,0,22,0%,15.55
varsity patches wholesale,0,22,0%,15.77
custom embroidery patch no minimum,0,22,0%,17.41
motorcycle patches custom,0,22,0%,20.86
custom patches no minimum cheap,0,22,0%,21.86
silicone logo patch manufacturer,0,22,0%,22.18
patches com,0,22,0%,23.27
patches custom no minimum,0,22,0%,24.05
custom military name patches velcro,0,22,0%,24.41
florida patches,0,22,0%,27.86
name patch,0,22,0%,27.91
patches la,0,22,0%,31.23
how to remove heat transfer patches,0,22,0%,31.55
iron on embroidered patches custom,0,22,0%,32.59
how much do custom embroidered patches cost,0,22,0%,33.45
anime patches for backpacks,0,22,0%,34.86
needlepoint embroidery,0,22,0%,40.95
custom 3d patches,0,22,0%,41.5
funny velcro patches maker nearby,0,22,0%,41.55
what is the difference between woven and embroidered patches?,0,22,0%,41.77
embroidery services houston,0,22,0%,42.09
custom patch company,0,22,0%,47.41
personalized patches for hats cheap,0,22,0%,48.36
make your own patches,0,22,0%,53.45
where to order custom patches,0,22,0%,56.77
custom embroidered patches logo,0,22,0%,58.55
whats a challenge coin,0,22,0%,60.23
custom embroidered name patch,0,22,0%,61.86
best embroidered patches,0,22,0%,63.64
custom embroidered patches bulk,0,22,0%,63.73
custom embroidered patches for festivals,0,22,0%,73.41
custom embroidered tmea patches,0,22,0%,89.77
how to remove a sewn on patch from a shirt,0,21,0%,4.33
patches types,0,21,0%,9.05
patch fonts,0,21,0%,9.52
dallas cowboys embroidered patch,0,21,0%,11.24
dallas cowboys sew on patches,0,21,0%,11.67
army acu patches placement,0,21,0%,12.1
cheap custom patches no minimum order,0,21,0%,21.95
large chenille patches wholesale,0,21,0%,23.19
what is the difference between embroidered patches and woven patches?,0,21,0%,23.71
morale patch maker,0,21,0%,23.9
how to remove iron on patch,0,21,0%,27.81
custom patches for clothes,0,21,0%,30.76
screen printed patch,0,21,0%,33.05
custom patch embroidery,0,21,0%,36.81
custom woven patches near me,0,21,0%,37.81
cub scouts uniform patch placement,0,21,0%,39.48
leather patches,0,21,0%,40.76
what is the difference between embroidery and patches?,0,21,0%,42.48
custom lapel pins no minimum,0,21,0%,44.43
how to remove patches from clothes,0,21,0%,48.81
custom name patches online,0,21,0%,53.38
can you make custom iron-on patches,0,21,0%,54.19
custom made patches for jackets,0,21,0%,54.57
custom logo patches for hats,0,21,0%,55.52