URL,Last crawled
https://pandapatches.com/category/embroidery-patch-vs-woven-patch/,2026-02-28
https://pandapatches.com/tag/how-to-make-pvc-patch/,2026-02-11
https://pandapatches.com/tag/san-francisco-49ers/,2026-01-19
https://pandapatches.com/category/challenge-coin/,2025-12-15
https://pandapatches.com/tag/houston-astros-patches/,2025-12-15
https://pandapatches.com/tag/chenille-patches/,2025-12-10
https://pandapatches.com/tag/custom-patch-guide/,2025-12-10
https://pandapatches.com/wp-admin/*,2025-12-09
https://pandapatches.com/tag/custom-patches/,2025-12-08
https://pandapatches.com/tag/woven-patch-vs-embroidery-patch/,2025-12-08
https://pandapatches.com/tag/pvc-patches-in-tha-us/,2025-12-07
https://pandapatches.com/tag/how-to-iron-on-patches/,2025-12-04
https://pandapatches.com/tag/how-to-use-chenille-patches/,2025-12-04
https://pandapatches.com/tag/eye-catchy-patches/,2025-12-04
https://pandapatches.com/tag/custom-printed-patch-makers-in-us/,2025-12-03
https://pandapatches.com/tag/ocp-patches/,2025-11-26
https://pandapatches.com/tag/custom-printed-patches-in-the-us/,2025-11-24
https://pandapatches.com/tag/types-of-patches/,2025-11-23
https://pandapatches.com/tag/custom-printed-patch-makers-in-the-usa/,2025-11-23
https://pandapatches.com/tag/custom-patch-price/,2025-11-18
https://pandapatches.com/tag/stylish-patches/,2025-11-16
https://pandapatches.com/tag/custom-printed-patches/,2025-11-16
https://pandapatches.com/category/custom-business-patches/,2025-11-12
https://pandapatches.com/category/custom-patches/,2025-11-12
https://pandapatches.com/tag/how-to-remove-sewn-on-patches/,2025-10-31
https://pandapatches.com/category/custom-printed-patches/,2025-10-26